date,Event1_Type,Event1_Time,Event1_Height,Event1_Coeff,Event2_Type,Event2_Time,Event2_Height,Event2_Coeff,Event3_Type,Event3_Time,Event3_Height,Event3_Coeff,Event4_Type,Event4_Time,Event4_Height,Event4_Coeff
2026-01-01,HT,02:36,4.65,71,LT,08:38,1.13,71,HT,15:06,4.69,76,LT,21:04,1.08,76
2026-01-02,HT,03:29,4.91,81,LT,09:35,0.84,81,HT,15:59,4.87,86,LT,21:57,0.87,86
2026-01-03,HT,04:18,5.13,90,LT,10:27,0.60,90,HT,16:48,4.98,91,LT,22:47,0.70,91
2026-01-04,HT,05:04,5.26,94,LT,11:17,0.44,94,HT,17:33,5.00,96,LT,23:35,0.63,96
2026-01-05,HT,05:48,5.29,97,LT,12:04,0.41,97,HT,18:17,4.92,97,,,
2026-01-06,LT,00:21,0.65,95,HT,06:30,5.21,95,LT,12:50,0.51,93,HT,18:58,4.76,93
2026-01-07,LT,01:06,0.79,89,HT,07:11,5.02,89,LT,13:36,0.73,85,HT,19:37,4.54,85
2026-01-08,LT,01:50,1.01,80,HT,07:50,4.76,80,LT,14:21,1.03,74,HT,20:16,4.29,74
2026-01-09,LT,02:36,1.30,68,HT,08:30,4.46,68,LT,15:07,1.37,62,HT,20:56,4.05,62
2026-01-10,LT,03:23,1.62,56,HT,09:13,4.16,56,LT,15:55,1.71,51,HT,21:44,3.85,51
2026-01-11,LT,04:16,1.91,45,HT,10:10,3.89,45,LT,16:50,1.98,43,HT,22:55,3.72,43
2026-01-12,LT,05:17,2.12,39,HT,11:31,3.73,39,LT,17:52,2.14,36,,,
2026-01-13,HT,00:20,3.72,35,LT,06:26,2.20,35,HT,12:53,3.72,36,LT,18:58,2.15,36
2026-01-14,HT,01:30,3.85,38,LT,07:35,2.13,38,HT,13:57,3.84,41,LT,20:00,2.04,41
2026-01-15,HT,02:23,4.06,45,LT,08:33,1.94,45,HT,14:46,4.03,49,LT,20:52,1.84,49
2026-01-16,HT,03:07,4.30,54,LT,09:22,1.70,54,HT,15:28,4.23,59,LT,21:36,1.61,59
2026-01-17,HT,03:45,4.53,63,LT,10:03,1.44,63,HT,16:05,4.44,67,LT,22:16,1.38,67
2026-01-18,HT,04:21,4.75,71,LT,10:41,1.20,71,HT,16:41,4.61,73,LT,22:52,1.18,73
2026-01-19,HT,04:55,4.92,76,LT,11:16,0.99,76,HT,17:15,4.74,79,LT,23:27,1.01,79
2026-01-20,HT,05:28,5.04,81,LT,11:51,0.84,81,HT,17:48,4.82,83,,,
2026-01-21,LT,00:02,0.90,85,HT,06:01,5.11,85,LT,12:27,0.76,86,HT,18:21,4.84,86
2026-01-22,LT,00:39,0.85,86,HT,06:35,5.10,86,LT,13:04,0.76,85,HT,18:55,4.81,85
2026-01-23,LT,01:17,0.88,84,HT,07:10,5.02,84,LT,13:43,0.85,81,HT,19:30,4.71,81
2026-01-24,LT,01:58,1.00,78,HT,07:47,4.86,78,LT,14:26,1.03,75,HT,20:10,4.56,75
2026-01-25,LT,02:45,1.19,70,HT,08:31,4.63,70,LT,15:15,1.27,66,HT,20:59,4.35,66
2026-01-26,LT,03:39,1.42,61,HT,09:28,4.35,61,LT,16:12,1.52,56,HT,22:09,4.15,56
2026-01-27,LT,04:43,1.64,52,HT,10:59,4.11,52,LT,17:20,1.71,50,HT,23:55,4.07,50
2026-01-28,LT,06:00,1.72,48,HT,12:46,4.08,48,LT,18:38,1.74,48,,,
2026-01-29,HT,01:25,4.23,50,LT,07:20,1.60,50,HT,14:05,4.26,54,LT,19:52,1.56,54
2026-01-30,HT,02:32,4.52,60,LT,08:31,1.30,60,HT,15:06,4.52,67,LT,20:56,1.26,67
2026-01-31,HT,03:27,4.84,74,LT,09:30,0.93,74,HT,15:57,4.77,81,LT,21:50,0.93,81
2026-02-01,HT,04:14,5.12,87,LT,10:20,0.60,87,HT,16:42,4.96,90,LT,22:38,0.66,90
2026-02-02,HT,04:56,5.31,94,LT,11:06,0.38,94,HT,17:21,5.05,98,LT,23:21,0.50,98
2026-02-03,HT,05:35,5.38,100,LT,11:48,0.30,100,HT,17:58,5.03,101,,,
2026-02-04,LT,00:03,0.47,100,HT,06:10,5.32,100,LT,12:29,0.39,99,HT,18:31,4.92,99
2026-02-05,LT,00:43,0.59,96,HT,06:43,5.15,96,LT,13:08,0.61,92,HT,19:01,4.74,92
2026-02-06,LT,01:22,0.82,87,HT,07:13,4.90,87,LT,13:47,0.94,81,HT,19:28,4.52,81
2026-02-07,LT,02:00,1.15,75,HT,07:42,4.59,75,LT,14:25,1.32,69,HT,19:56,4.28,69
2026-02-08,LT,02:40,1.52,62,HT,08:11,4.27,62,LT,15:04,1.71,55,HT,20:27,4.04,55
2026-02-09,LT,03:23,1.90,48,HT,08:45,3.95,48,LT,15:48,2.06,41,HT,21:11,3.79,41
2026-02-10,LT,04:16,2.23,35,HT,09:40,3.65,35,LT,16:46,2.33,33,HT,22:50,3.60,33
2026-02-11,LT,05:31,2.44,28,HT,11:57,3.49,28,LT,18:08,2.44,26,,,
2026-02-12,HT,00:51,3.64,27,LT,07:02,2.41,27,HT,13:31,3.60,30,LT,19:32,2.32,30
2026-02-13,HT,02:00,3.86,35,LT,08:15,2.16,35,HT,14:29,3.84,41,LT,20:35,2.05,41
2026-02-14,HT,02:49,4.14,48,LT,09:06,1.82,48,HT,15:12,4.12,55,LT,21:20,1.72,55
2026-02-15,HT,03:27,4.45,61,LT,09:46,1.46,61,HT,15:49,4.40,67,LT,21:57,1.39,67
2026-02-16,HT,04:02,4.74,73,LT,10:20,1.12,73,HT,16:22,4.66,79,LT,22:32,1.08,79
2026-02-17,HT,04:35,5.00,84,LT,10:54,0.83,84,HT,16:54,4.88,86,LT,23:05,0.81,86
2026-02-18,HT,05:07,5.21,91,LT,11:27,0.60,91,HT,17:25,5.03,94,LT,23:39,0.62,94
2026-02-19,HT,05:38,5.34,97,LT,12:02,0.48,98,HT,17:56,5.12,98,,,
2026-02-20,LT,00:15,0.52,99,HT,06:10,5.36,99,LT,12:38,0.49,98,HT,18:27,5.11,98
2026-02-21,LT,00:52,0.55,96,HT,06:44,5.27,96,LT,13:16,0.62,93,HT,19:01,5.00,93
2026-02-22,LT,01:33,0.71,89,HT,07:20,5.05,89,LT,13:58,0.87,83,HT,19:38,4.79,83
2026-02-23,LT,02:19,0.98,77,HT,08:01,4.72,77,LT,14:45,1.20,70,HT,20:23,4.50,70
2026-02-24,LT,03:12,1.32,62,HT,08:55,4.31,62,LT,15:42,1.57,55,HT,21:30,4.16,55
2026-02-25,LT,04:18,1.65,48,HT,10:41,3.95,48,LT,16:54,1.86,45,HT,23:41,3.99,45
2026-02-26,LT,05:42,1.82,41,HT,12:43,3.93,40,LT,18:22,1.91,40,,,
2026-02-27,HT,01:18,4.16,44,LT,07:12,1.68,44,HT,14:02,4.16,50,LT,19:44,1.67,50
2026-02-28,HT,02:26,4.49,57,LT,08:24,1.32,57,HT,15:00,4.46,65,LT,20:47,1.29,65
2026-03-01,HT,03:18,4.83,73,LT,09:19,0.92,73,HT,15:46,4.75,81,LT,21:37,0.91,81
2026-03-02,HT,04:01,5.11,87,LT,10:05,0.58,87,HT,16:25,4.96,92,LT,22:21,0.61,92
2026-03-03,HT,04:39,5.29,96,LT,10:47,0.38,96,HT,17:00,5.07,98,LT,23:01,0.43,98
2026-03-04,HT,05:12,5.36,100,LT,11:25,0.32,100,HT,17:31,5.09,101,LT,23:40,0.41,101
2026-03-05,HT,05:43,5.30,100,LT,12:02,0.41,99,HT,17:59,5.02,99,,,
2026-03-06,LT,00:16,0.53,96,HT,06:12,5.15,96,LT,12:38,0.64,93,HT,18:25,4.89,93
2026-03-07,LT,00:52,0.78,88,HT,06:38,4.92,88,LT,13:12,0.95,83,HT,18:49,4.70,83
2026-03-08,LT,01:27,1.11,77,HT,07:03,4.65,77,LT,13:45,1.32,71,HT,19:15,4.47,71
2026-03-09,LT,02:02,1.48,65,HT,07:29,4.34,65,LT,14:19,1.70,58,HT,19:43,4.21,58
2026-03-10,LT,02:39,1.87,51,HT,08:00,4.01,51,LT,14:56,2.05,44,HT,20:20,3.92,44
2026-03-11,LT,03:24,2.22,37,HT,08:42,3.67,37,LT,15:46,2.36,30,HT,21:25,3.63,30
2026-03-12,LT,04:35,2.47,25,HT,10:57,3.41,25,LT,17:13,2.54,23,,,
2026-03-13,HT,00:06,3.55,22,LT,06:22,2.49,22,HT,12:58,3.50,25,LT,18:59,2.44,25
2026-03-14,HT,01:28,3.75,31,LT,07:47,2.22,31,HT,14:01,3.76,38,LT,20:08,2.13,38
2026-03-15,HT,02:19,4.06,45,LT,08:38,1.84,45,HT,14:46,4.08,53,LT,20:53,1.75,53
2026-03-16,HT,02:59,4.40,61,LT,09:17,1.43,61,HT,15:22,4.41,69,LT,21:29,1.36,69
2026-03-17,HT,03:34,4.74,76,LT,09:51,1.05,76,HT,15:55,4.72,83,LT,22:03,0.99,83
2026-03-18,HT,04:07,5.05,89,LT,10:25,0.72,89,HT,16:26,4.98,92,LT,22:37,0.68,92
2026-03-19,HT,04:40,5.30,97,LT,10:59,0.49,97,HT,16:57,5.18,101,LT,23:13,0.45,101
2026-03-20,HT,05:12,5.44,104,LT,11:34,0.37,104,HT,17:29,5.29,106,LT,23:50,0.35,106
2026-03-21,HT,05:46,5.45,106,LT,12:12,0.39,104,HT,18:02,5.27,104,,,
2026-03-22,LT,00:29,0.39,102,HT,06:22,5.32,102,LT,12:52,0.57,97,HT,18:37,5.14,97
2026-03-23,LT,01:12,0.59,92,HT,07:00,5.03,92,LT,13:35,0.87,85,HT,19:17,4.87,85
2026-03-24,LT,02:00,0.91,77,HT,07:45,4.63,77,LT,14:24,1.25,69,HT,20:06,4.52,69
2026-03-25,LT,02:56,1.30,60,HT,08:50,4.18,60,LT,15:24,1.64,52,HT,21:28,4.15,52
2026-03-26,LT,04:06,1.65,45,HT,10:52,3.87,45,LT,16:40,1.91,42,HT,23:36,4.02,42
2026-03-27,LT,05:33,1.79,39,HT,12:36,3.91,40,LT,18:10,1.92,40,,,
2026-03-28,HT,01:04,4.20,45,LT,07:00,1.62,45,HT,13:48,4.14,51,LT,19:29,1.65,51
2026-03-29,HT,03:08,4.49,59,LT,09:07,1.29,59,HT,15:42,4.43,66,LT,21:28,1.28,66
2026-03-30,HT,03:58,4.77,73,LT,09:58,0.95,73,HT,16:24,4.69,79,LT,22:16,0.93,79
2026-03-31,HT,04:38,5.00,84,LT,10:41,0.69,84,HT,17:00,4.88,86,LT,22:57,0.68,86
2026-04-01,HT,05:13,5.14,90,LT,11:20,0.53,90,HT,17:31,5.00,92,LT,23:36,0.54,92
2026-04-02,HT,05:45,5.19,94,LT,11:57,0.51,94,HT,18:00,5.05,94,,,
2026-04-03,LT,00:13,0.53,94,HT,06:14,5.15,94,LT,12:33,0.60,93,HT,18:27,5.03,93
2026-04-04,LT,00:49,0.65,91,HT,06:41,5.03,91,LT,13:07,0.79,88,HT,18:53,4.93,88
2026-04-05,LT,01:24,0.87,84,HT,07:08,4.84,84,LT,13:40,1.05,80,HT,19:20,4.78,80
2026-04-06,LT,01:58,1.15,75,HT,07:35,4.60,75,LT,14:12,1.36,70,HT,19:48,4.57,70
2026-04-07,LT,02:32,1.48,64,HT,08:04,4.33,64,LT,14:45,1.68,58,HT,20:19,4.31,58
2026-04-08,LT,03:09,1.80,52,HT,08:38,4.02,52,LT,15:22,1.99,46,HT,20:58,4.02,46
2026-04-09,LT,03:53,2.10,39,HT,09:25,3.71,39,LT,16:10,2.26,34,HT,22:03,3.73,34
2026-04-10,LT,04:58,2.33,29,HT,11:18,3.48,29,LT,17:28,2.44,27,,,
2026-04-11,HT,00:13,3.61,25,LT,06:33,2.36,25,HT,13:12,3.53,27,LT,19:09,2.39,27
2026-04-12,HT,01:40,3.76,31,LT,07:57,2.15,31,HT,14:19,3.77,37,LT,20:22,2.12,37
2026-04-13,HT,02:37,4.04,45,LT,08:54,1.80,45,HT,15:07,4.08,52,LT,21:11,1.76,52
2026-04-14,HT,03:21,4.37,60,LT,09:36,1.42,60,HT,15:46,4.41,68,LT,21:52,1.36,68
2026-04-15,HT,04:00,4.71,76,LT,10:14,1.05,76,HT,16:22,4.73,83,LT,22:29,0.99,83
2026-04-16,HT,04:36,5.02,90,LT,10:51,0.74,90,HT,16:56,5.01,93,LT,23:07,0.66,93
2026-04-17,HT,05:12,5.26,98,LT,11:29,0.52,98,HT,17:30,5.21,102,LT,23:46,0.44,102
2026-04-18,HT,05:49,5.38,104,LT,12:08,0.43,106,HT,18:05,5.32,106,,,
2026-04-19,LT,00:27,0.34,105,HT,06:27,5.36,105,LT,12:49,0.47,104,HT,18:43,5.29,104
2026-04-20,LT,01:11,0.40,100,HT,07:08,5.18,100,LT,13:32,0.65,96,HT,19:24,5.13,96
2026-04-21,LT,01:58,0.60,90,HT,07:54,4.88,90,LT,14:19,0.94,83,HT,20:11,4.86,83
2026-04-22,LT,02:49,0.90,75,HT,08:49,4.49,75,LT,15:12,1.28,68,HT,21:11,4.53,68
2026-04-23,LT,03:48,1.25,60,HT,10:07,4.12,60,LT,16:14,1.61,53,HT,22:39,4.24,53
2026-04-24,LT,04:59,1.53,48,HT,11:47,3.92,48,LT,17:29,1.81,46,,,
2026-04-25,HT,00:18,4.14,45,LT,06:18,1.64,45,HT,13:13,3.95,46,LT,18:49,1.81,46
2026-04-26,HT,01:37,4.24,49,LT,07:35,1.54,49,HT,14:20,4.12,53,LT,20:01,1.62,53
2026-04-27,HT,02:39,4.42,58,LT,08:37,1.34,58,HT,15:12,4.33,63,LT,20:58,1.35,63
2026-04-28,HT,03:29,4.60,68,LT,09:27,1.12,68,HT,15:54,4.54,72,LT,21:46,1.11,72
2026-04-29,HT,04:09,4.75,76,LT,10:11,0.95,76,HT,16:29,4.71,79,LT,22:29,0.92,79
2026-04-30,HT,04:44,4.85,81,LT,10:50,0.85,81,HT,17:01,4.84,82,LT,23:09,0.82,82
2026-05-01,HT,05:16,4.90,83,LT,11:28,0.83,83,HT,17:30,4.92,83,LT,23:47,0.81,83
2026-05-02,HT,05:46,4.89,83,LT,12:04,0.88,82,HT,17:59,4.94,82,,,
2026-05-03,LT,00:23,0.88,81,HT,06:16,4.82,81,LT,12:39,1.00,80,HT,18:29,4.89,80
2026-05-04,LT,00:59,1.02,77,HT,06:46,4.70,77,LT,13:13,1.18,74,HT,19:00,4.78,74
2026-05-05,LT,01:35,1.22,71,HT,07:18,4.52,71,LT,13:48,1.39,67,HT,19:33,4.61,67
2026-05-06,LT,02:12,1.44,63,HT,07:52,4.30,63,LT,14:23,1.62,59,HT,20:09,4.39,59
2026-05-07,LT,02:51,1.67,54,HT,08:32,4.07,54,LT,15:03,1.85,50,HT,20:53,4.16,50
2026-05-08,LT,03:36,1.88,45,HT,09:25,3.84,45,LT,15:51,2.05,41,HT,21:53,3.94,41
2026-05-09,LT,04:33,2.04,38,HT,10:45,3.68,38,LT,16:55,2.19,36,HT,23:18,3.83,36
2026-05-10,LT,05:44,2.08,35,HT,12:15,3.68,35,LT,18:12,2.19,35,,,
2026-05-11,HT,00:40,3.88,37,LT,06:57,1.97,37,HT,13:25,3.84,41,LT,19:23,2.02,41
2026-05-12,HT,01:44,4.07,47,LT,07:58,1.73,47,HT,14:20,4.09,53,LT,20:20,1.74,53
2026-05-13,HT,02:37,4.34,59,LT,08:49,1.44,59,HT,15:06,4.39,66,LT,21:09,1.41,66
2026-05-14,HT,03:23,4.63,73,LT,09:35,1.14,73,HT,15:48,4.68,79,LT,21:55,1.07,79
2026-05-15,HT,04:06,4.90,85,LT,10:19,0.88,85,HT,16:28,4.94,88,LT,22:39,0.77,88
2026-05-16,HT,04:49,5.09,92,LT,11:02,0.69,92,HT,17:08,5.14,96,LT,23:24,0.55,96
2026-05-17,HT,05:32,5.19,99,LT,11:46,0.60,99,HT,17:50,5.24,100,,,
2026-05-18,LT,00:11,0.44,100,HT,06:17,5.16,100,LT,12:32,0.62,99,HT,18:35,5.23,99
2026-05-19,LT,00:59,0.46,96,HT,07:05,5.01,96,LT,13:20,0.74,93,HT,19:22,5.11,93
2026-05-20,LT,01:49,0.60,89,HT,07:58,4.77,89,LT,14:10,0.94,83,HT,20:15,4.90,83
2026-05-21,LT,02:43,0.83,78,HT,08:56,4.48,78,LT,15:04,1.19,72,HT,21:16,4.65,72
2026-05-22,LT,03:41,1.09,66,HT,10:05,4.21,66,LT,16:03,1.43,61,HT,22:27,4.42,61
2026-05-23,LT,04:44,1.33,57,HT,11:20,4.04,57,LT,17:08,1.62,55,HT,23:44,4.26,55
2026-05-24,LT,05:51,1.49,52,HT,12:33,3.98,51,LT,18:16,1.69,51,,,
2026-05-25,HT,00:57,4.22,51,LT,06:57,1.55,51,HT,13:39,4.04,52,LT,19:22,1.66,52
2026-05-26,HT,02:00,4.25,54,LT,07:57,1.51,54,HT,14:33,4.16,56,LT,20:21,1.56,56
2026-05-27,HT,02:52,4.33,58,LT,08:50,1.43,58,HT,15:18,4.32,61,LT,21:14,1.42,61
2026-05-28,HT,03:36,4.42,63,LT,09:37,1.34,63,HT,15:57,4.48,65,LT,22:00,1.29,65
2026-05-29,HT,04:15,4.50,67,LT,10:20,1.25,67,HT,16:32,4.62,68,LT,22:43,1.19,68
2026-05-30,HT,04:50,4.58,70,LT,11:00,1.19,70,HT,17:06,4.74,71,LT,23:24,1.13,71
2026-05-31,HT,05:24,4.62,72,LT,11:39,1.16,72,HT,17:39,4.81,72,,,
2026-06-01,LT,00:02,1.11,72,HT,05:58,4.63,72,LT,12:16,1.18,72,HT,18:13,4.83,72
2026-06-02,LT,00:40,1.15,71,HT,06:32,4.58,71,LT,12:53,1.25,70,HT,18:48,4.79,70
2026-06-03,LT,01:18,1.22,69,HT,07:08,4.50,69,LT,13:29,1.34,67,HT,19:23,4.69,67
2026-06-04,LT,01:56,1.32,65,HT,07:45,4.38,65,LT,14:07,1.46,63,HT,20:01,4.56,63
2026-06-05,LT,02:35,1.43,60,HT,08:25,4.23,60,LT,14:47,1.60,58,HT,20:42,4.40,58
2026-06-06,LT,03:18,1.56,55,HT,09:11,4.09,55,LT,15:31,1.73,53,HT,21:29,4.25,53
2026-06-07,LT,04:06,1.66,50,HT,10:06,3.97,50,LT,16:23,1.84,49,HT,22:27,4.14,49
2026-06-08,LT,05:01,1.73,47,HT,11:12,3.92,47,LT,17:22,1.89,47,HT,23:35,4.09,47
2026-06-09,LT,06:01,1.74,47,HT,12:23,3.96,48,LT,18:26,1.86,48,,,
2026-06-10,HT,00:46,4.14,50,LT,07:03,1.66,50,HT,13:28,4.10,53,LT,19:30,1.72,53
2026-06-11,HT,01:52,4.29,57,LT,08:03,1.51,57,HT,14:27,4.32,62,LT,20:29,1.49,62
2026-06-12,HT,02:50,4.49,66,LT,08:59,1.31,66,HT,15:19,4.57,71,LT,21:25,1.22,71
2026-06-13,HT,03:44,4.69,76,LT,09:51,1.10,76,HT,16:09,4.82,81,LT,22:18,0.94,81
2026-06-14,HT,04:36,4.87,85,LT,10:42,0.91,85,HT,16:57,5.03,87,LT,23:10,0.69,87
2026-06-15,HT,05:26,4.99,91,LT,11:32,0.76,91,HT,17:45,5.17,93,,,
2026-06-16,LT,00:01,0.52,95,HT,06:16,5.02,95,LT,12:21,0.69,95,HT,18:33,5.23,95
2026-06-17,LT,00:51,0.46,95,HT,07:05,4.95,95,LT,13:11,0.70,94,HT,19:22,5.19,94
2026-06-18,LT,01:42,0.50,92,HT,07:55,4.81,92,LT,14:00,0.80,89,HT,20:11,5.05,89
2026-06-19,LT,02:33,0.66,85,HT,08:46,4.60,85,LT,14:51,0.98,81,HT,21:02,4.84,81
2026-06-20,LT,03:25,0.89,76,HT,09:39,4.37,76,LT,15:43,1.20,71,HT,21:57,4.58,71
2026-06-21,LT,04:18,1.17,66,HT,10:35,4.15,66,LT,16:38,1.44,63,HT,22:56,4.33,63
2026-06-22,LT,05:14,1.44,58,HT,11:38,3.99,58,LT,17:36,1.65,54,,,
2026-06-23,HT,00:02,4.13,51,LT,06:12,1.66,51,HT,12:43,3.92,48,LT,18:37,1.80,48
2026-06-24,HT,01:10,4.02,46,LT,07:11,1.78,46,HT,13:46,3.95,46,LT,19:40,1.85,46
2026-06-25,HT,02:12,4.01,46,LT,08:10,1.81,46,HT,14:41,4.07,48,LT,20:40,1.80,48
2026-06-26,HT,03:05,4.07,49,LT,09:04,1.75,49,HT,15:28,4.23,52,LT,21:34,1.68,52
2026-06-27,HT,03:50,4.17,54,LT,09:54,1.63,54,HT,16:09,4.40,57,LT,22:22,1.54,57
2026-06-28,HT,04:30,4.30,60,LT,10:38,1.49,60,HT,16:47,4.57,61,LT,23:06,1.38,61
2026-06-29,HT,05:07,4.42,63,LT,11:19,1.37,63,HT,17:24,4.71,66,LT,23:46,1.25,66
2026-06-30,HT,05:43,4.52,68,LT,11:58,1.27,68,HT,17:59,4.81,69,,,
2026-07-01,LT,00:24,1.15,70,HT,06:19,4.58,70,LT,12:35,1.20,71,HT,18:34,4.86,71
2026-07-02,LT,01:01,1.10,72,HT,06:54,4.59,72,LT,13:11,1.18,72,HT,19:09,4.86,72
2026-07-03,LT,01:37,1.09,72,HT,07:29,4.56,72,LT,13:48,1.20,72,HT,19:43,4.81,72
2026-07-04,LT,02:14,1.12,71,HT,08:05,4.50,71,LT,14:25,1.26,70,HT,20:19,4.72,70
2026-07-05,LT,02:53,1.20,68,HT,08:42,4.41,68,LT,15:05,1.35,66,HT,20:58,4.60,66
2026-07-06,LT,03:35,1.31,64,HT,09:24,4.30,64,LT,15:50,1.48,62,HT,21:42,4.45,62
2026-07-07,LT,04:21,1.44,59,HT,10:13,4.19,59,LT,16:41,1.60,57,HT,22:36,4.30,57
2026-07-08,LT,05:15,1.57,55,HT,11:17,4.10,55,LT,17:41,1.70,54,HT,23:49,4.18,54
2026-07-09,LT,06:17,1.65,53,HT,12:38,4.09,52,LT,18:48,1.72,52,,,
2026-07-10,HT,01:15,4.18,53,LT,07:24,1.65,53,HT,13:57,4.21,54,LT,19:58,1.61,54
2026-07-11,HT,02:31,4.30,58,LT,08:31,1.52,58,HT,15:04,4.44,62,LT,21:06,1.37,62
2026-07-12,HT,03:36,4.50,67,LT,09:34,1.30,67,HT,16:01,4.72,72,LT,22:07,1.06,72
2026-07-13,HT,04:32,4.72,78,LT,10:31,1.04,78,HT,16:53,4.99,81,LT,23:02,0.74,81
2026-07-14,HT,05:23,4.90,86,LT,11:23,0.79,86,HT,17:41,5.20,90,LT,23:53,0.49,90
2026-07-15,HT,06:11,5.01,94,LT,12:12,0.61,97,HT,18:27,5.32,97,,,
2026-07-16,LT,00:41,0.35,99,HT,06:55,5.02,99,LT,12:59,0.54,99,HT,19:10,5.33,99
2026-07-17,LT,01:28,0.35,98,HT,07:38,4.93,98,LT,13:44,0.59,96,HT,19:53,5.21,96
2026-07-18,LT,02:14,0.50,93,HT,08:19,4.76,93,LT,14:29,0.76,89,HT,20:34,4.98,89
2026-07-19,LT,02:59,0.77,84,HT,08:59,4.52,84,LT,15:15,1.03,78,HT,21:15,4.68,78
2026-07-20,LT,03:44,1.12,71,HT,09:39,4.27,71,LT,16:01,1.35,65,HT,21:58,4.34,65
2026-07-21,LT,04:31,1.49,58,HT,10:25,4.02,58,LT,16:52,1.69,55,HT,22:49,4.03,55
2026-07-22,LT,05:23,1.82,49,HT,11:27,3.84,49,LT,17:50,1.97,44,,,
2026-07-23,HT,00:03,3.79,39,LT,06:22,2.06,39,HT,12:50,3.76,36,LT,18:57,2.14,36
2026-07-24,HT,01:29,3.71,35,LT,07:28,2.16,35,HT,14:06,3.83,35,LT,20:09,2.14,35
2026-07-25,HT,02:38,3.77,38,LT,08:35,2.09,38,HT,15:05,4.01,41,LT,21:14,1.99,41
2026-07-26,HT,03:31,3.93,45,LT,09:33,1.91,45,HT,15:51,4.23,49,LT,22:06,1.76,49
2026-07-27,HT,04:14,4.13,54,LT,10:21,1.68,54,HT,16:31,4.46,56,LT,22:50,1.50,56
2026-07-28,HT,04:52,4.34,61,LT,11:02,1.44,61,HT,17:07,4.68,65,LT,23:29,1.26,65
2026-07-29,HT,05:27,4.52,69,LT,11:40,1.23,69,HT,17:41,4.85,72,,,
2026-07-30,LT,00:04,1.05,75,HT,06:00,4.67,75,LT,12:14,1.06,78,HT,18:14,4.99,78
2026-07-31,LT,00:38,0.91,80,HT,06:32,4.77,80,LT,12:48,0.95,82,HT,18:46,5.06,82
2026-08-01,LT,01:12,0.83,83,HT,07:04,4.81,83,LT,13:23,0.90,83,HT,19:18,5.07,83
2026-08-02,LT,01:46,0.82,83,HT,07:36,4.80,83,LT,13:58,0.92,83,HT,19:50,5.01,83
2026-08-03,LT,02:23,0.89,81,HT,08:09,4.73,81,LT,14:36,1.01,79,HT,20:24,4.88,79
2026-08-04,LT,03:02,1.04,76,HT,08:44,4.60,76,LT,15:19,1.18,72,HT,21:03,4.68,72
2026-08-05,LT,03:46,1.26,68,HT,09:26,4.42,68,LT,16:07,1.40,63,HT,21:51,4.41,63
2026-08-06,LT,04:38,1.50,58,HT,10:23,4.20,58,LT,17:06,1.62,56,HT,23:04,4.14,56
2026-08-07,LT,05:41,1.72,51,HT,12:00,4.04,51,LT,18:18,1.76,48,,,
2026-08-08,HT,00:59,4.02,46,LT,06:57,1.81,46,HT,13:44,4.12,46,LT,19:40,1.71,46
2026-08-09,HT,02:28,4.15,49,LT,08:16,1.69,49,HT,14:58,4.38,54,LT,20:57,1.44,54
2026-08-10,HT,03:34,4.41,61,LT,09:25,1.39,61,HT,15:57,4.72,68,LT,22:00,1.05,68
2026-08-11,HT,04:28,4.70,76,LT,10:22,1.02,76,HT,16:46,5.04,80,LT,22:53,0.67,80
2026-08-12,HT,05:14,4.94,87,LT,11:12,0.69,87,HT,17:30,5.29,93,LT,23:40,0.38,93
2026-08-13,HT,05:56,5.09,97,LT,11:57,0.46,97,HT,18:11,5.42,101,,,
2026-08-14,LT,00:24,0.24,103,HT,06:35,5.13,103,LT,12:40,0.37,104,HT,18:49,5.41,104
2026-08-15,LT,01:06,0.26,103,HT,07:11,5.05,103,LT,13:21,0.43,101,HT,19:25,5.27,101
2026-08-16,LT,01:47,0.45,97,HT,07:44,4.89,97,LT,14:02,0.64,92,HT,19:58,5.02,92
2026-08-17,LT,02:27,0.77,87,HT,08:14,4.66,87,LT,14:42,0.96,80,HT,20:30,4.70,80
2026-08-18,LT,03:06,1.16,74,HT,08:44,4.39,74,LT,15:24,1.35,66,HT,21:00,4.34,66
2026-08-19,LT,03:47,1.58,59,HT,09:16,4.12,59,LT,16:08,1.76,51,HT,21:36,3.98,51
2026-08-20,LT,04:33,1.97,44,HT,09:59,3.85,44,LT,17:02,2.12,41,HT,22:33,3.66,41
2026-08-21,LT,05:30,2.27,35,HT,11:37,3.64,35,LT,18:13,2.35,30,,,
2026-08-22,HT,00:46,3.49,27,LT,06:47,2.41,27,HT,13:33,3.66,27,LT,19:41,2.36,27
2026-08-23,HT,02:15,3.58,29,LT,08:11,2.32,29,HT,14:42,3.86,34,LT,20:57,2.15,34
2026-08-24,HT,03:12,3.80,40,LT,09:16,2.06,40,HT,15:31,4.12,46,LT,21:49,1.83,46
2026-08-25,HT,03:55,4.07,52,LT,10:03,1.74,52,HT,16:09,4.40,59,LT,22:30,1.50,59
2026-08-26,HT,04:30,4.34,65,LT,10:41,1.43,65,HT,16:44,4.68,67,LT,23:05,1.19,67
2026-08-27,HT,05:03,4.59,73,LT,11:15,1.15,73,HT,17:16,4.92,78,LT,23:37,0.93,78
2026-08-28,HT,05:34,4.80,82,LT,11:48,0.91,82,HT,17:47,5.11,86,,,
2026-08-29,LT,00:09,0.73,89,HT,06:04,4.96,89,LT,12:20,0.74,91,HT,18:17,5.24,91
2026-08-30,LT,00:42,0.62,93,HT,06:34,5.05,93,LT,12:54,0.64,94,HT,18:48,5.28,94
2026-08-31,LT,01:16,0.61,94,HT,07:04,5.06,94,LT,13:30,0.65,92,HT,19:20,5.21,92
2026-09-01,LT,01:52,0.71,90,HT,07:36,4.98,90,LT,14:08,0.77,87,HT,19:54,5.03,87
2026-09-02,LT,02:32,0.91,82,HT,08:11,4.81,82,LT,14:51,1.00,77,HT,20:33,4.74,77
2026-09-03,LT,03:17,1.20,70,HT,08:53,4.54,70,LT,15:42,1.30,64,HT,21:22,4.37,64
2026-09-04,LT,04:10,1.54,57,HT,09:51,4.22,57,LT,16:44,1.61,50,HT,22:49,4.00,50
2026-09-05,LT,05:18,1.82,44,HT,11:52,4.00,44,LT,18:03,1.79,42,,,
2026-09-06,HT,01:02,3.91,40,LT,06:43,1.91,40,HT,13:40,4.11,42,LT,19:33,1.71,42
2026-09-07,HT,02:26,4.12,47,LT,08:08,1.71,47,HT,14:51,4.42,54,LT,20:50,1.37,54
2026-09-08,HT,03:27,4.43,62,LT,09:15,1.33,62,HT,15:46,4.78,71,LT,21:48,0.96,71
2026-09-09,HT,04:15,4.74,79,LT,10:08,0.93,79,HT,16:32,5.09,82,LT,22:37,0.59,82
2026-09-10,HT,04:57,4.98,89,LT,10:54,0.59,89,HT,17:12,5.31,95,LT,23:20,0.35,95
2026-09-11,HT,05:34,5.13,99,LT,11:36,0.38,99,HT,17:48,5.40,102,,,
2026-09-12,LT,00:00,0.26,103,HT,06:08,5.18,103,LT,12:16,0.32,103,HT,18:22,5.37,103
2026-09-13,LT,00:39,0.33,102,HT,06:39,5.11,102,LT,12:55,0.42,99,HT,18:53,5.21,99
2026-09-14,LT,01:16,0.55,95,HT,07:07,4.97,95,LT,13:33,0.66,91,HT,19:22,4.96,91
2026-09-15,LT,01:53,0.87,85,HT,07:34,4.76,85,LT,14:10,1.00,79,HT,19:50,4.65,79
2026-09-16,LT,02:29,1.26,73,HT,08:01,4.51,73,LT,14:49,1.40,66,HT,20:17,4.31,66
2026-09-17,LT,03:06,1.66,58,HT,08:30,4.22,58,LT,15:30,1.80,51,HT,20:49,3.96,51
2026-09-18,LT,03:47,2.03,44,HT,09:09,3.92,44,LT,16:19,2.17,37,HT,21:36,3.63,37
2026-09-19,LT,04:41,2.34,30,HT,10:25,3.64,30,LT,17:31,2.41,27,,,
2026-09-20,HT,00:01,3.40,23,LT,06:05,2.51,23,HT,12:53,3.59,23,LT,19:09,2.42,23
2026-09-21,HT,01:44,3.50,26,LT,07:42,2.41,26,HT,14:10,3.78,31,LT,20:30,2.18,31
2026-09-22,HT,02:44,3.75,37,LT,08:49,2.12,37,HT,15:00,4.05,45,LT,21:20,1.83,45
2026-09-23,HT,03:26,4.05,52,LT,09:34,1.77,52,HT,15:39,4.36,59,LT,21:59,1.48,59
2026-09-24,HT,04:02,4.36,66,LT,10:11,1.42,66,HT,16:14,4.67,73,LT,22:32,1.15,73
2026-09-25,HT,04:34,4.65,79,LT,10:44,1.10,79,HT,16:46,4.95,82,LT,23:05,0.86,82
2026-09-26,HT,05:04,4.89,87,LT,11:17,0.82,87,HT,17:17,5.17,91,LT,23:37,0.65,91
2026-09-27,HT,05:34,5.09,95,LT,11:51,0.61,95,HT,17:49,5.32,98,,,
2026-09-28,LT,00:11,0.53,99,HT,06:04,5.20,99,LT,12:26,0.50,100,HT,18:21,5.35,100
2026-09-29,LT,00:47,0.53,99,HT,06:36,5.21,99,LT,13:04,0.51,97,HT,18:55,5.25,97
2026-09-30,LT,01:25,0.66,94,HT,07:10,5.11,94,LT,13:45,0.65,90,HT,19:33,5.02,90
2026-10-01,LT,02:08,0.90,84,HT,07:49,4.90,84,LT,14:32,0.92,77,HT,20:16,4.67,77
2026-10-02,LT,02:56,1.22,70,HT,08:36,4.58,70,LT,15:26,1.25,62,HT,21:15,4.26,62
2026-10-03,LT,03:53,1.57,54,HT,09:47,4.23,54,LT,16:33,1.56,48,HT,23:07,3.93,48
2026-10-04,LT,05:06,1.83,42,HT,11:53,4.06,42,LT,17:56,1.71,41,,,
2026-10-05,HT,00:57,3.93,41,LT,06:32,1.86,41,HT,13:27,4.20,44,LT,19:22,1.59,44
2026-10-06,HT,02:12,4.16,50,LT,07:53,1.63,50,HT,14:34,4.48,58,LT,20:33,1.28,58
2026-10-07,HT,03:09,4.45,65,LT,08:56,1.27,65,HT,15:27,4.78,73,LT,21:27,0.94,73
2026-10-08,HT,03:54,4.72,79,LT,09:46,0.91,79,HT,16:10,5.02,85,LT,22:13,0.66,85
2026-10-09,HT,04:33,4.94,89,LT,10:31,0.64,89,HT,16:48,5.17,91,LT,22:54,0.49,91
2026-10-10,HT,05:08,5.07,94,LT,11:11,0.48,94,HT,17:23,5.23,96,LT,23:33,0.45,96
2026-10-11,HT,05:39,5.12,96,LT,11:50,0.46,96,HT,17:55,5.18,96,,,
2026-10-12,LT,00:10,0.54,95,HT,06:08,5.09,95,LT,12:28,0.57,92,HT,18:24,5.05,92
2026-10-13,LT,00:47,0.74,89,HT,06:36,4.98,89,LT,13:06,0.79,85,HT,18:53,4.84,85
2026-10-14,LT,01:23,1.01,81,HT,07:04,4.81,81,LT,13:43,1.09,76,HT,19:21,4.58,76
2026-10-15,LT,01:58,1.34,70,HT,07:33,4.58,70,LT,14:20,1.43,64,HT,19:51,4.28,64
2026-10-16,LT,02:34,1.67,58,HT,08:06,4.31,58,LT,15:00,1.77,52,HT,20:26,3.97,52
2026-10-17,LT,03:13,1.99,45,HT,08:47,4.02,45,LT,15:48,2.08,39,HT,21:17,3.67,39
2026-10-18,LT,04:04,2.26,33,HT,09:55,3.75,33,LT,16:54,2.29,29,HT,23:09,3.46,29
2026-10-19,LT,05:21,2.43,26,HT,11:56,3.64,26,LT,18:22,2.33,25,,,
2026-10-20,HT,00:55,3.52,27,LT,06:53,2.38,27,HT,13:20,3.76,31,LT,19:40,2.14,31
2026-10-21,HT,02:00,3.74,36,LT,08:03,2.15,36,HT,14:17,4.00,43,LT,20:35,1.84,43
2026-10-22,HT,02:48,4.03,50,LT,08:52,1.83,50,HT,15:01,4.30,57,LT,21:17,1.52,57
2026-10-23,HT,03:26,4.33,64,LT,09:32,1.49,64,HT,15:39,4.60,71,LT,21:54,1.20,71
2026-10-24,HT,04:01,4.63,78,LT,10:09,1.15,78,HT,16:14,4.89,84,LT,22:30,0.92,84
2026-10-25,HT,03:34,4.90,89,LT,09:45,0.85,89,HT,15:49,5.12,93,LT,22:06,0.70,93
2026-10-26,HT,04:07,5.11,97,LT,10:23,0.62,97,HT,16:24,5.26,98,LT,22:43,0.58,98
2026-10-27,HT,04:41,5.23,100,LT,11:02,0.49,100,HT,17:01,5.27,101,LT,23:23,0.58,101
2026-10-28,HT,05:17,5.25,100,LT,11:45,0.48,100,HT,17:41,5.16,98,,,
2026-10-29,LT,00:05,0.69,95,HT,05:57,5.15,95,LT,12:30,0.61,90,HT,18:25,4.91,90
2026-10-30,LT,00:52,0.91,84,HT,06:42,4.93,84,LT,13:21,0.85,78,HT,19:17,4.58,78
2026-10-31,LT,01:43,1.19,71,HT,07:38,4.64,71,LT,14:19,1.14,64,HT,20:28,4.23,64
2026-11-01,LT,02:43,1.48,58,HT,08:58,4.35,58,LT,15:26,1.40,52,HT,22:04,4.00,52
2026-11-02,LT,03:54,1.69,49,HT,10:36,4.21,49,LT,16:42,1.53,48,HT,23:33,4.00,48
2026-11-03,LT,05:12,1.72,48,HT,12:00,4.27,50,LT,17:58,1.48,50,,,
2026-11-04,HT,00:45,4.15,54,LT,06:25,1.57,54,HT,13:07,4.44,59,LT,19:03,1.31,59
2026-11-05,HT,01:41,4.37,64,LT,07:27,1.33,64,HT,14:00,4.63,69,LT,19:58,1.10,69
2026-11-06,HT,02:28,4.58,73,LT,08:19,1.08,73,HT,14:45,4.78,77,LT,20:44,0.93,77
2026-11-07,HT,03:07,4.77,80,LT,09:05,0.89,80,HT,15:24,4.88,82,LT,21:27,0.82,82
2026-11-08,HT,03:42,4.90,84,LT,09:47,0.78,84,HT,15:59,4.93,85,LT,22:06,0.79,85
2026-11-09,HT,04:14,4.97,85,LT,10:27,0.75,85,HT,16:31,4.91,85,LT,22:45,0.84,85
2026-11-10,HT,04:45,4.98,84,LT,11:06,0.81,84,HT,17:02,4.83,83,LT,23:22,0.96,83
2026-11-11,HT,05:15,4.93,81,LT,11:44,0.95,81,HT,17:33,4.69,79,LT,23:58,1.13,79
2026-11-12,HT,05:46,4.82,76,LT,12:22,1.15,73,HT,18:05,4.51,73,,,
2026-11-13,LT,00:34,1.35,69,HT,06:19,4.65,69,LT,13:00,1.38,65,HT,18:39,4.30,65
2026-11-14,LT,01:11,1.58,60,HT,06:55,4.44,60,LT,13:40,1.62,56,HT,19:19,4.07,56
2026-11-15,LT,01:51,1.82,51,HT,07:37,4.21,51,LT,14:25,1.84,47,HT,20:08,3.85,47
2026-11-16,LT,02:38,2.03,42,HT,08:32,3.99,42,LT,15:19,2.01,39,HT,21:18,3.68,39
2026-11-17,LT,03:37,2.18,36,HT,09:48,3.84,36,LT,16:25,2.09,34,HT,22:46,3.64,34
2026-11-18,LT,04:49,2.23,35,HT,11:12,3.83,35,LT,17:34,2.03,35,,,
2026-11-19,HT,00:01,3.76,38,LT,05:59,2.12,38,HT,12:21,3.97,42,LT,18:36,1.86,42
2026-11-20,HT,00:59,3.98,47,LT,06:58,1.90,47,HT,13:15,4.20,53,LT,19:27,1.62,53
2026-11-21,HT,01:46,4.24,59,LT,07:48,1.61,59,HT,14:02,4.47,66,LT,20:13,1.35,66
2026-11-22,HT,02:28,4.53,72,LT,08:33,1.29,72,HT,14:45,4.73,78,LT,20:56,1.09,78
2026-11-23,HT,03:07,4.80,83,LT,09:17,0.99,83,HT,15:27,4.94,88,LT,21:39,0.87,88
2026-11-24,HT,03:47,5.02,92,LT,10:01,0.73,92,HT,16:09,5.08,95,LT,22:22,0.73,95
2026-11-25,HT,04:27,5.18,97,LT,10:46,0.55,97,HT,16:53,5.12,98,LT,23:07,0.67,98
2026-11-26,HT,05:10,5.24,98,LT,11:33,0.49,98,HT,17:39,5.05,97,LT,23:54,0.70,97
2026-11-27,HT,05:56,5.19,95,LT,12:23,0.54,92,HT,18:28,4.88,92,,,
2026-11-28,LT,00:43,0.83,89,HT,06:46,5.04,89,LT,13:15,0.69,84,HT,19:22,4.64,84
2026-11-29,LT,01:35,1.02,79,HT,07:42,4.82,79,LT,14:11,0.91,74,HT,20:24,4.38,74
2026-11-30,LT,02:32,1.24,69,HT,08:47,4.58,69,LT,15:11,1.15,64,HT,21:36,4.17,64
2026-12-01,LT,03:34,1.44,60,HT,10:02,4.38,60,LT,16:15,1.35,57,HT,22:52,4.06,57
2026-12-02,LT,04:40,1.57,55,HT,11:19,4.28,55,LT,17:21,1.47,54,,,
2026-12-03,HT,00:04,4.08,54,LT,05:47,1.60,54,HT,12:29,4.27,55,LT,18:24,1.49,55
2026-12-04,HT,01:06,4.18,56,LT,06:51,1.54,56,HT,13:29,4.33,58,LT,19:22,1.44,58
2026-12-05,HT,01:58,4.33,61,LT,07:48,1.43,61,HT,14:20,4.41,63,LT,20:14,1.36,63
2026-12-06,HT,02:42,4.49,65,LT,08:39,1.29,65,HT,15:02,4.50,68,LT,21:00,1.26,68
2026-12-07,HT,03:20,4.64,70,LT,09:25,1.17,70,HT,15:40,4.57,71,LT,21:43,1.18,71
2026-12-08,HT,03:55,4.76,73,LT,10:08,1.09,73,HT,16:15,4.62,74,LT,22:24,1.13,74
2026-12-09,HT,04:29,4.85,74,LT,10:49,1.05,74,HT,16:48,4.63,74,LT,23:03,1.13,74
2026-12-10,HT,05:02,4.88,75,LT,11:28,1.06,75,HT,17:22,4.61,74,LT,23:40,1.17,74
2026-12-11,HT,05:36,4.86,73,LT,12:06,1.12,72,HT,17:55,4.54,72,,,
2026-12-12,LT,00:17,1.25,71,HT,06:10,4.78,71,LT,12:43,1.22,69,HT,18:30,4.44,69
2026-12-13,LT,00:54,1.37,67,HT,06:45,4.65,67,LT,13:21,1.35,64,HT,19:07,4.30,64
2026-12-14,LT,01:31,1.52,62,HT,07:22,4.50,62,LT,14:01,1.49,59,HT,19:47,4.15,59
2026-12-15,LT,02:12,1.68,56,HT,08:03,4.33,56,LT,14:44,1.64,53,HT,20:33,4.01,53
2026-12-16,LT,02:58,1.83,50,HT,08:51,4.17,50,LT,15:33,1.76,48,HT,21:30,3.90,48
2026-12-17,LT,03:51,1.95,46,HT,09:52,4.04,46,LT,16:29,1.84,45,HT,22:42,3.86,45
2026-12-18,LT,04:53,1.99,45,HT,11:07,4.01,45,LT,17:31,1.84,45,HT,23:57,3.93,45
2026-12-19,LT,05:59,1.93,46,HT,12:22,4.09,49,LT,18:34,1.75,49,,,
2026-12-20,HT,01:03,4.11,53,LT,07:02,1.75,53,HT,13:27,4.27,57,LT,19:33,1.57,57
2026-12-21,HT,01:59,4.36,63,LT,08:01,1.48,63,HT,14:24,4.50,68,LT,20:28,1.33,68
2026-12-22,HT,02:50,4.64,74,LT,08:56,1.17,74,HT,15:16,4.72,80,LT,21:20,1.08,80
2026-12-23,HT,03:37,4.91,85,LT,09:47,0.85,85,HT,16:05,4.91,89,LT,22:09,0.85,89
2026-12-24,HT,04:24,5.14,93,LT,10:37,0.58,93,HT,16:52,5.03,95,LT,22:58,0.68,95
2026-12-25,HT,05:10,5.28,98,LT,11:27,0.41,98,HT,17:39,5.06,99,LT,23:46,0.59,99
2026-12-26,HT,05:56,5.32,100,LT,12:16,0.36,100,HT,18:26,4.99,100,,,
2026-12-27,LT,00:34,0.60,98,HT,06:42,5.25,98,LT,13:05,0.45,95,HT,19:13,4.82,95
2026-12-28,LT,01:23,0.73,91,HT,07:30,5.07,91,LT,13:55,0.65,87,HT,20:02,4.60,87
2026-12-29,LT,02:13,0.94,81,HT,08:21,4.81,81,LT,14:46,0.94,76,HT,20:54,4.35,76
2026-12-30,LT,03:05,1.21,70,HT,09:16,4.50,70,LT,15:39,1.26,64,HT,21:54,4.12,64
2026-12-31,LT,04:01,1.49,58,HT,10:22,4.22,58,LT,16:37,1.56,56,HT,23:05,3.97,56
